{
  "ExpressionLimit": {"Type": "All"},
  "CollapseSettings": {
    "CollapseType": "ERA",
    "EraPad": 30
  },
  "CensorWindow": {
    "StartDate": null,
    "EndDate": null
  },
  "ConceptSets": [
    {
      "expression": {"items": [
        {
          "isExcluded": false,
          "concept": {
            "INVALID_REASON_CAPTION": "Valid",
            "CONCEPT_ID": 262,
            "STANDARD_CONCEPT": "S",
            "CONCEPT_CODE": "ERIP",
            "VOCABULARY_ID": "Visit",
            "CONCEPT_NAME": "Emergency Room and Inpatient Visit",
            "DOMAIN_ID": "Visit",
            "STANDARD_CONCEPT_CAPTION": "Standard",
            "CONCEPT_CLASS_ID": "Visit",
            "INVALID_REASON": "V"
          },
          "includeMapped": false,
          "includeDescendants": true
        },
        {
          "isExcluded": false,
          "concept": {
            "INVALID_REASON_CAPTION": "Valid",
            "CONCEPT_ID": 9203,
            "STANDARD_CONCEPT": "S",
            "CONCEPT_CODE": "ER",
            "VOCABULARY_ID": "Visit",
            "CONCEPT_NAME": "Emergency Room Visit",
            "DOMAIN_ID": "Visit",
            "STANDARD_CONCEPT_CAPTION": "Standard",
            "CONCEPT_CLASS_ID": "Visit",
            "INVALID_REASON": "V"
          },
          "includeMapped": false,
          "includeDescendants": true
        },
        {
          "isExcluded": false,
          "concept": {
            "INVALID_REASON_CAPTION": "Valid",
            "CONCEPT_ID": 9201,
            "STANDARD_CONCEPT": "S",
            "CONCEPT_CODE": "IP",
            "VOCABULARY_ID": "Visit",
            "CONCEPT_NAME": "Inpatient Visit",
            "DOMAIN_ID": "Visit",
            "STANDARD_CONCEPT_CAPTION": "Standard",
            "CONCEPT_CLASS_ID": "Visit",
            "INVALID_REASON": "V"
          },
          "includeMapped": false,
          "includeDescendants": true
        }
      ]},
      "name": "Inpatient or ER visit",
      "id": 2
    },
    {
      "expression": {"items": [
        {
          "isExcluded": false,
          "concept": {
            "INVALID_REASON_CAPTION": "Valid",
            "CONCEPT_ID": 197320,
            "STANDARD_CONCEPT": "S",
            "CONCEPT_CODE": "14669001",
            "VOCABULARY_ID": "SNOMED",
            "CONCEPT_NAME": "Acute renal failure syndrome",
            "DOMAIN_ID": "Condition",
            "STANDARD_CONCEPT_CAPTION": "Standard",
            "CONCEPT_CLASS_ID": "Clinical Finding",
            "INVALID_REASON": "V"
          },
          "includeMapped": false,
          "includeDescendants": true
        },
        {
          "isExcluded": false,
          "concept": {
            "INVALID_REASON_CAPTION": "Valid",
            "CONCEPT_ID": 432961,
            "STANDARD_CONCEPT": "S",
            "CONCEPT_CODE": "298015003",
            "VOCABULARY_ID": "SNOMED",
            "CONCEPT_NAME": "Acute renal papillary necrosis with renal failure",
            "DOMAIN_ID": "Condition",
            "STANDARD_CONCEPT_CAPTION": "Standard",
            "CONCEPT_CLASS_ID": "Clinical Finding",
            "INVALID_REASON": "V"
          },
          "includeMapped": false,
          "includeDescendants": true
        },
        {
          "isExcluded": false,
          "concept": {
            "INVALID_REASON_CAPTION": "Valid",
            "CONCEPT_ID": 444044,
            "STANDARD_CONCEPT": "S",
            "CONCEPT_CODE": "35455006",
            "VOCABULARY_ID": "SNOMED",
            "CONCEPT_NAME": "Acute tubular necrosis",
            "DOMAIN_ID": "Condition",
            "STANDARD_CONCEPT_CAPTION": "Standard",
            "CONCEPT_CLASS_ID": "Clinical Finding",
            "INVALID_REASON": "V"
          },
          "includeMapped": false,
          "includeDescendants": true
        }
      ]},
      "name": "[LEGEND HTN] Acute Renal Failure",
      "id": 8
    }
  ],
  "EndStrategy": {"DateOffset": {
    "DateField": "StartDate",
    "Offset": 30
  }},
  "cdmVersionRange": ">=5.0.0",
  "CensoringCriteria": [],
  "AdditionalCriteria": {
    "CriteriaList": [{
      "RestrictVisit": false,
      "StartWindow": {
        "UseEventEnd": false,
        "Start": {
          "Days": null,
          "Coeff": -1
        },
        "End": {
          "Days": 0,
          "Coeff": 1
        },
        "UseIndexEnd": null
      },
      "IgnoreObservationPeriod": false,
      "EndWindow": {
        "UseEventEnd": true,
        "Start": {
          "Days": 0,
          "Coeff": -1
        },
        "End": {
          "Days": null,
          "Coeff": 1
        },
        "UseIndexEnd": null
      },
      "Criteria": {"VisitOccurrence": {
        "OccurrenceEndDate": null,
        "VisitLength": null,
        "CorrelatedCriteria": null,
        "VisitSourceConcept": null,
        "CodesetId": 2,
        "VisitTypeExclude": false,
        "ProviderSpecialty": null,
        "Gender": null,
        "PlaceOfServiceLocation": null,
        "PlaceOfService": null,
        "VisitType": null,
        "First": null,
        "OccurrenceStartDate": null,
        "Age": null
      }},
      "Occurrence": {
        "Type": 2,
        "IsDistinct": false,
        "Count": 1
      }
    }],
    "Type": "ANY",
    "DemographicCriteriaList": [],
    "Groups": [],
    "Count": null
  },
  "QualifiedLimit": {"Type": "All"},
  "InclusionRules": [],
  "PrimaryCriteria": {
    "CriteriaList": [{"ConditionOccurrence": {
      "OccurrenceEndDate": null,
      "CorrelatedCriteria": null,
      "ConditionTypeExclude": false,
      "CodesetId": 8,
      "ProviderSpecialty": null,
      "Gender": null,
      "VisitType": null,
      "First": null,
      "OccurrenceStartDate": null,
      "ConditionType": null,
      "ConditionSourceConcept": null,
      "StopReason": null,
      "Age": null
    }}],
    "PrimaryCriteriaLimit": {"Type": "All"},
    "ObservationWindow": {
      "PostDays": 0,
      "PriorDays": 0
    }
  }
}