{
  "ExpressionLimit": {"Type": "First"},
  "CollapseSettings": {
    "CollapseType": "ERA",
    "EraPad": 0
  },
  "CensorWindow": {
    "StartDate": null,
    "EndDate": null
  },
  "ConceptSets": [
    {
      "expression": {"items": [
        {
          "isExcluded": false,
          "concept": {
            "INVALID_REASON_CAPTION": "Valid",
            "CONCEPT_ID": 4329847,
            "STANDARD_CONCEPT": "S",
            "CONCEPT_CODE": "22298006",
            "VOCABULARY_ID": "SNOMED",
            "CONCEPT_NAME": "Myocardial infarction",
            "DOMAIN_ID": "Condition",
            "STANDARD_CONCEPT_CAPTION": "Standard",
            "CONCEPT_CLASS_ID": "Clinical Finding",
            "INVALID_REASON": "V"
          },
          "includeMapped": false,
          "includeDescendants": true
        },
        {
          "isExcluded": true,
          "concept": {
            "INVALID_REASON_CAPTION": "Valid",
            "CONCEPT_ID": 314666,
            "STANDARD_CONCEPT": "S",
            "CONCEPT_CODE": "1755008",
            "VOCABULARY_ID": "SNOMED",
            "CONCEPT_NAME": "Old myocardial infarction",
            "DOMAIN_ID": "Condition",
            "STANDARD_CONCEPT_CAPTION": "Standard",
            "CONCEPT_CLASS_ID": "Clinical Finding",
            "INVALID_REASON": "V"
          },
          "includeMapped": false,
          "includeDescendants": true
        }
      ]},
      "name": "[LEGEND HTN] Acute myocardial Infarction",
      "id": 0
    },
    {
      "expression": {"items": [
        {
          "isExcluded": false,
          "concept": {
            "INVALID_REASON_CAPTION": "Valid",
            "CONCEPT_ID": 376713,
            "STANDARD_CONCEPT": "S",
            "CONCEPT_CODE": "274100004",
            "VOCABULARY_ID": "SNOMED",
            "CONCEPT_NAME": "Cerebral hemorrhage",
            "DOMAIN_ID": "Condition",
            "STANDARD_CONCEPT_CAPTION": "Standard",
            "CONCEPT_CLASS_ID": "Clinical Finding",
            "INVALID_REASON": "V"
          },
          "includeMapped": false,
          "includeDescendants": false
        },
        {
          "isExcluded": false,
          "concept": {
            "INVALID_REASON_CAPTION": "Valid",
            "CONCEPT_ID": 439847,
            "STANDARD_CONCEPT": "S",
            "CONCEPT_CODE": "1386000",
            "VOCABULARY_ID": "SNOMED",
            "CONCEPT_NAME": "Intracranial hemorrhage",
            "DOMAIN_ID": "Condition",
            "STANDARD_CONCEPT_CAPTION": "Standard",
            "CONCEPT_CLASS_ID": "Clinical Finding",
            "INVALID_REASON": "V"
          },
          "includeMapped": false,
          "includeDescendants": false
        },
        {
          "isExcluded": false,
          "concept": {
            "INVALID_REASON_CAPTION": "Valid",
            "CONCEPT_ID": 432923,
            "STANDARD_CONCEPT": "S",
            "CONCEPT_CODE": "21454007",
            "VOCABULARY_ID": "SNOMED",
            "CONCEPT_NAME": "Subarachnoid hemorrhage",
            "DOMAIN_ID": "Condition",
            "STANDARD_CONCEPT_CAPTION": "Standard",
            "CONCEPT_CLASS_ID": "Clinical Finding",
            "INVALID_REASON": "V"
          },
          "includeMapped": false,
          "includeDescendants": false
        }
      ]},
      "name": "[LEGEND HTN] intracranial bleed Hemorrhagic stroke",
      "id": 1
    },
    {
      "expression": {"items": [
        {
          "isExcluded": false,
          "concept": {
            "INVALID_REASON_CAPTION": "Valid",
            "CONCEPT_ID": 4048809,
            "STANDARD_CONCEPT": "S",
            "CONCEPT_CODE": "230802007",
            "VOCABULARY_ID": "SNOMED",
            "CONCEPT_NAME": "Brainstem death",
            "DOMAIN_ID": "Condition",
            "STANDARD_CONCEPT_CAPTION": "Standard",
            "CONCEPT_CLASS_ID": "Clinical Finding",
            "INVALID_REASON": "V"
          },
          "includeMapped": false,
          "includeDescendants": true
        },
        {
          "isExcluded": false,
          "concept": {
            "INVALID_REASON_CAPTION": "Valid",
            "CONCEPT_ID": 321042,
            "STANDARD_CONCEPT": "S",
            "CONCEPT_CODE": "410429000",
            "VOCABULARY_ID": "SNOMED",
            "CONCEPT_NAME": "Cardiac arrest",
            "DOMAIN_ID": "Condition",
            "STANDARD_CONCEPT_CAPTION": "Standard",
            "CONCEPT_CLASS_ID": "Clinical Finding",
            "INVALID_REASON": "V"
          },
          "includeMapped": false,
          "includeDescendants": true
        },
        {
          "isExcluded": false,
          "concept": {
            "INVALID_REASON_CAPTION": "Valid",
            "CONCEPT_ID": 442289,
            "STANDARD_CONCEPT": "S",
            "CONCEPT_CODE": "53559009",
            "VOCABULARY_ID": "SNOMED",
            "CONCEPT_NAME": "Death in less than 24 hours from onset of symptoms",
            "DOMAIN_ID": "Observation",
            "STANDARD_CONCEPT_CAPTION": "Standard",
            "CONCEPT_CLASS_ID": "Clinical Finding",
            "INVALID_REASON": "V"
          },
          "includeMapped": false,
          "includeDescendants": true
        },
        {
          "isExcluded": false,
          "concept": {
            "INVALID_REASON_CAPTION": "Valid",
            "CONCEPT_ID": 4317150,
            "STANDARD_CONCEPT": "S",
            "CONCEPT_CODE": "95281009",
            "VOCABULARY_ID": "SNOMED",
            "CONCEPT_NAME": "Sudden cardiac death",
            "DOMAIN_ID": "Condition",
            "STANDARD_CONCEPT_CAPTION": "Standard",
            "CONCEPT_CLASS_ID": "Clinical Finding",
            "INVALID_REASON": "V"
          },
          "includeMapped": false,
          "includeDescendants": true
        },
        {
          "isExcluded": false,
          "concept": {
            "INVALID_REASON_CAPTION": "Valid",
            "CONCEPT_ID": 4132309,
            "STANDARD_CONCEPT": "S",
            "CONCEPT_CODE": "26636000",
            "VOCABULARY_ID": "SNOMED",
            "CONCEPT_NAME": "Sudden death",
            "DOMAIN_ID": "Observation",
            "STANDARD_CONCEPT_CAPTION": "Standard",
            "CONCEPT_CLASS_ID": "Clinical Finding",
            "INVALID_REASON": "V"
          },
          "includeMapped": false,
          "includeDescendants": true
        },
        {
          "isExcluded": true,
          "concept": {
            "INVALID_REASON_CAPTION": "Valid",
            "CONCEPT_ID": 437894,
            "STANDARD_CONCEPT": "S",
            "CONCEPT_CODE": "71908006",
            "VOCABULARY_ID": "SNOMED",
            "CONCEPT_NAME": "Ventricular fibrillation",
            "DOMAIN_ID": "Condition",
            "STANDARD_CONCEPT_CAPTION": "Standard",
            "CONCEPT_CLASS_ID": "Clinical Finding",
            "INVALID_REASON": "V"
          },
          "includeMapped": false,
          "includeDescendants": true
        }
      ]},
      "name": "[LEGEND HTN] Sudden cardiac death",
      "id": 3
    },
    {
      "expression": {"items": [
        {
          "isExcluded": true,
          "concept": {
            "INVALID_REASON_CAPTION": "Valid",
            "CONCEPT_ID": 315295,
            "STANDARD_CONCEPT": "S",
            "CONCEPT_CODE": "82523003",
            "VOCABULARY_ID": "SNOMED",
            "CONCEPT_NAME": "Congestive rheumatic heart failure",
            "DOMAIN_ID": "Condition",
            "STANDARD_CONCEPT_CAPTION": "Standard",
            "CONCEPT_CLASS_ID": "Clinical Finding",
            "INVALID_REASON": "V"
          },
          "includeMapped": false,
          "includeDescendants": true
        },
        {
          "isExcluded": false,
          "concept": {
            "INVALID_REASON_CAPTION": "Valid",
            "CONCEPT_ID": 316139,
            "STANDARD_CONCEPT": "S",
            "CONCEPT_CODE": "84114007",
            "VOCABULARY_ID": "SNOMED",
            "CONCEPT_NAME": "Heart failure",
            "DOMAIN_ID": "Condition",
            "STANDARD_CONCEPT_CAPTION": "Standard",
            "CONCEPT_CLASS_ID": "Clinical Finding",
            "INVALID_REASON": "V"
          },
          "includeMapped": false,
          "includeDescendants": true
        }
      ]},
      "name": "[LEGEND HTN] Heart Failure ",
      "id": 4
    },
    {
      "expression": {"items": [
        {
          "isExcluded": false,
          "concept": {
            "INVALID_REASON_CAPTION": "Valid",
            "CONCEPT_ID": 262,
            "STANDARD_CONCEPT": "S",
            "CONCEPT_CODE": "ERIP",
            "VOCABULARY_ID": "Visit",
            "CONCEPT_NAME": "Emergency Room and Inpatient Visit",
            "DOMAIN_ID": "Visit",
            "STANDARD_CONCEPT_CAPTION": "Standard",
            "CONCEPT_CLASS_ID": "Visit",
            "INVALID_REASON": "V"
          },
          "includeMapped": false,
          "includeDescendants": true
        },
        {
          "isExcluded": false,
          "concept": {
            "INVALID_REASON_CAPTION": "Valid",
            "CONCEPT_ID": 9203,
            "STANDARD_CONCEPT": "S",
            "CONCEPT_CODE": "ER",
            "VOCABULARY_ID": "Visit",
            "CONCEPT_NAME": "Emergency Room Visit",
            "DOMAIN_ID": "Visit",
            "STANDARD_CONCEPT_CAPTION": "Standard",
            "CONCEPT_CLASS_ID": "Visit",
            "INVALID_REASON": "V"
          },
          "includeMapped": false,
          "includeDescendants": true
        },
        {
          "isExcluded": false,
          "concept": {
            "INVALID_REASON_CAPTION": "Valid",
            "CONCEPT_ID": 9201,
            "STANDARD_CONCEPT": "S",
            "CONCEPT_CODE": "IP",
            "VOCABULARY_ID": "Visit",
            "CONCEPT_NAME": "Inpatient Visit",
            "DOMAIN_ID": "Visit",
            "STANDARD_CONCEPT_CAPTION": "Standard",
            "CONCEPT_CLASS_ID": "Visit",
            "INVALID_REASON": "V"
          },
          "includeMapped": false,
          "includeDescendants": true
        }
      ]},
      "name": "Inpatient or ER visit",
      "id": 5
    },
    {
      "expression": {"items": [
        {
          "isExcluded": false,
          "concept": {
            "INVALID_REASON_CAPTION": "Valid",
            "CONCEPT_ID": 372924,
            "STANDARD_CONCEPT": "S",
            "CONCEPT_CODE": "20059004",
            "VOCABULARY_ID": "SNOMED",
            "CONCEPT_NAME": "Cerebral artery occlusion",
            "DOMAIN_ID": "Condition",
            "STANDARD_CONCEPT_CAPTION": "Standard",
            "CONCEPT_CLASS_ID": "Clinical Finding",
            "INVALID_REASON": "V"
          },
          "includeMapped": false,
          "includeDescendants": false
        },
        {
          "isExcluded": false,
          "concept": {
            "INVALID_REASON_CAPTION": "Valid",
            "CONCEPT_ID": 375557,
            "STANDARD_CONCEPT": "S",
            "CONCEPT_CODE": "75543006",
            "VOCABULARY_ID": "SNOMED",
            "CONCEPT_NAME": "Cerebral embolism",
            "DOMAIN_ID": "Condition",
            "STANDARD_CONCEPT_CAPTION": "Standard",
            "CONCEPT_CLASS_ID": "Clinical Finding",
            "INVALID_REASON": "V"
          },
          "includeMapped": false,
          "includeDescendants": false
        },
        {
          "isExcluded": false,
          "concept": {
            "INVALID_REASON_CAPTION": "Valid",
            "CONCEPT_ID": 443454,
            "STANDARD_CONCEPT": "S",
            "CONCEPT_CODE": "432504007",
            "VOCABULARY_ID": "SNOMED",
            "CONCEPT_NAME": "Cerebral infarction",
            "DOMAIN_ID": "Condition",
            "STANDARD_CONCEPT_CAPTION": "Standard",
            "CONCEPT_CLASS_ID": "Clinical Finding",
            "INVALID_REASON": "V"
          },
          "includeMapped": false,
          "includeDescendants": true
        },
        {
          "isExcluded": false,
          "concept": {
            "INVALID_REASON_CAPTION": "Valid",
            "CONCEPT_ID": 441874,
            "STANDARD_CONCEPT": "S",
            "CONCEPT_CODE": "71444005",
            "VOCABULARY_ID": "SNOMED",
            "CONCEPT_NAME": "Cerebral thrombosis",
            "DOMAIN_ID": "Condition",
            "STANDARD_CONCEPT_CAPTION": "Standard",
            "CONCEPT_CLASS_ID": "Clinical Finding",
            "INVALID_REASON": "V"
          },
          "includeMapped": false,
          "includeDescendants": false
        }
      ]},
      "name": "[LEGEND HTN] Ischemic stroke",
      "id": 6
    }
  ],
  "cdmVersionRange": ">=5.0.0",
  "CensoringCriteria": [],
  "AdditionalCriteria": {
    "CriteriaList": [
      {
        "RestrictVisit": false,
        "StartWindow": {
          "UseEventEnd": false,
          "Start": {
            "Days": 30,
            "Coeff": -1
          },
          "End": {
            "Days": 7,
            "Coeff": 1
          },
          "UseIndexEnd": null
        },
        "IgnoreObservationPeriod": false,
        "EndWindow": null,
        "Criteria": {"ConditionOccurrence": {
          "OccurrenceEndDate": null,
          "CorrelatedCriteria": null,
          "ConditionTypeExclude": false,
          "CodesetId": 0,
          "ProviderSpecialty": null,
          "Gender": null,
          "VisitType": null,
          "First": null,
          "OccurrenceStartDate": null,
          "ConditionType": null,
          "ConditionSourceConcept": null,
          "StopReason": null,
          "Age": null
        }},
        "Occurrence": {
          "Type": 2,
          "IsDistinct": false,
          "Count": 1
        }
      },
      {
        "RestrictVisit": false,
        "StartWindow": {
          "UseEventEnd": false,
          "Start": {
            "Days": 30,
            "Coeff": -1
          },
          "End": {
            "Days": 7,
            "Coeff": 1
          },
          "UseIndexEnd": null
        },
        "IgnoreObservationPeriod": false,
        "EndWindow": null,
        "Criteria": {"ConditionOccurrence": {
          "OccurrenceEndDate": null,
          "CorrelatedCriteria": null,
          "ConditionTypeExclude": false,
          "CodesetId": 6,
          "ProviderSpecialty": null,
          "Gender": null,
          "VisitType": null,
          "First": null,
          "OccurrenceStartDate": null,
          "ConditionType": null,
          "ConditionSourceConcept": null,
          "StopReason": null,
          "Age": null
        }},
        "Occurrence": {
          "Type": 2,
          "IsDistinct": false,
          "Count": 1
        }
      },
      {
        "RestrictVisit": false,
        "StartWindow": {
          "UseEventEnd": false,
          "Start": {
            "Days": 30,
            "Coeff": -1
          },
          "End": {
            "Days": 7,
            "Coeff": 1
          },
          "UseIndexEnd": null
        },
        "IgnoreObservationPeriod": false,
        "EndWindow": null,
        "Criteria": {"ConditionOccurrence": {
          "OccurrenceEndDate": null,
          "CorrelatedCriteria": null,
          "ConditionTypeExclude": false,
          "CodesetId": 1,
          "ProviderSpecialty": null,
          "Gender": null,
          "VisitType": null,
          "First": null,
          "OccurrenceStartDate": null,
          "ConditionType": null,
          "ConditionSourceConcept": null,
          "StopReason": null,
          "Age": null
        }},
        "Occurrence": {
          "Type": 2,
          "IsDistinct": false,
          "Count": 1
        }
      },
      {
        "RestrictVisit": false,
        "StartWindow": {
          "UseEventEnd": false,
          "Start": {
            "Days": 30,
            "Coeff": -1
          },
          "End": {
            "Days": 7,
            "Coeff": 1
          },
          "UseIndexEnd": null
        },
        "IgnoreObservationPeriod": false,
        "EndWindow": null,
        "Criteria": {"ConditionOccurrence": {
          "OccurrenceEndDate": null,
          "CorrelatedCriteria": null,
          "ConditionTypeExclude": false,
          "CodesetId": 3,
          "ProviderSpecialty": null,
          "Gender": null,
          "VisitType": null,
          "First": null,
          "OccurrenceStartDate": null,
          "ConditionType": null,
          "ConditionSourceConcept": null,
          "StopReason": null,
          "Age": null
        }},
        "Occurrence": {
          "Type": 2,
          "IsDistinct": false,
          "Count": 1
        }
      },
      {
        "RestrictVisit": false,
        "StartWindow": {
          "UseEventEnd": false,
          "Start": {
            "Days": 30,
            "Coeff": -1
          },
          "End": {
            "Days": 7,
            "Coeff": 1
          },
          "UseIndexEnd": null
        },
        "IgnoreObservationPeriod": false,
        "EndWindow": null,
        "Criteria": {"ConditionOccurrence": {
          "OccurrenceEndDate": null,
          "CorrelatedCriteria": {
            "CriteriaList": [{
              "RestrictVisit": false,
              "StartWindow": {
                "UseEventEnd": false,
                "Start": {
                  "Days": null,
                  "Coeff": -1
                },
                "End": {
                  "Days": 0,
                  "Coeff": 1
                },
                "UseIndexEnd": null
              },
              "IgnoreObservationPeriod": false,
              "EndWindow": {
                "UseEventEnd": true,
                "Start": {
                  "Days": 0,
                  "Coeff": -1
                },
                "End": {
                  "Days": null,
                  "Coeff": 1
                },
                "UseIndexEnd": null
              },
              "Criteria": {"VisitOccurrence": {
                "OccurrenceEndDate": null,
                "VisitLength": null,
                "CorrelatedCriteria": null,
                "VisitSourceConcept": null,
                "CodesetId": 5,
                "VisitTypeExclude": false,
                "ProviderSpecialty": null,
                "Gender": null,
                "PlaceOfServiceLocation": null,
                "PlaceOfService": null,
                "VisitType": null,
                "First": null,
                "OccurrenceStartDate": null,
                "Age": null
              }},
              "Occurrence": {
                "Type": 2,
                "IsDistinct": false,
                "Count": 1
              }
            }],
            "Type": "ALL",
            "DemographicCriteriaList": [],
            "Groups": [],
            "Count": null
          },
          "ConditionTypeExclude": false,
          "CodesetId": 4,
          "ProviderSpecialty": null,
          "Gender": null,
          "VisitType": null,
          "First": null,
          "OccurrenceStartDate": null,
          "ConditionType": null,
          "ConditionSourceConcept": null,
          "StopReason": null,
          "Age": null
        }},
        "Occurrence": {
          "Type": 2,
          "IsDistinct": false,
          "Count": 1
        }
      }
    ],
    "Type": "ANY",
    "DemographicCriteriaList": [],
    "Groups": [],
    "Count": null
  },
  "QualifiedLimit": {"Type": "First"},
  "InclusionRules": [],
  "PrimaryCriteria": {
    "CriteriaList": [{"Death": {
      "CorrelatedCriteria": null,
      "CodesetId": null,
      "DeathSourceConcept": null,
      "DeathTypeExclude": false,
      "DeathType": null,
      "OccurrenceStartDate": null,
      "Gender": null,
      "Age": null
    }}],
    "PrimaryCriteriaLimit": {"Type": "First"},
    "ObservationWindow": {
      "PostDays": 0,
      "PriorDays": 0
    }
  }
}