{
  "ExpressionLimit": {"Type": "First"},
  "CollapseSettings": {
    "CollapseType": "ERA",
    "EraPad": 0
  },
  "CensorWindow": {
    "StartDate": null,
    "EndDate": null
  },
  "ConceptSets": [
    {
      "expression": {"items": [
        {
          "isExcluded": false,
          "concept": {
            "INVALID_REASON_CAPTION": "Valid",
            "CONCEPT_ID": 443611,
            "STANDARD_CONCEPT": "S",
            "CONCEPT_CODE": "433146000",
            "VOCABULARY_ID": "SNOMED",
            "CONCEPT_NAME": "Chronic kidney disease stage 5",
            "DOMAIN_ID": "Condition",
            "STANDARD_CONCEPT_CAPTION": "Standard",
            "CONCEPT_CLASS_ID": "Clinical Finding",
            "INVALID_REASON": "V"
          },
          "includeMapped": false,
          "includeDescendants": true
        },
        {
          "isExcluded": false,
          "concept": {
            "INVALID_REASON_CAPTION": "Valid",
            "CONCEPT_ID": 193782,
            "STANDARD_CONCEPT": "S",
            "CONCEPT_CODE": "46177005",
            "VOCABULARY_ID": "SNOMED",
            "CONCEPT_NAME": "End stage renal disease",
            "DOMAIN_ID": "Condition",
            "STANDARD_CONCEPT_CAPTION": "Standard",
            "CONCEPT_CLASS_ID": "Clinical Finding",
            "INVALID_REASON": "V"
          },
          "includeMapped": false,
          "includeDescendants": true
        }
      ]},
      "name": "[LEGEND HTN] End stage renal disease",
      "id": 0
    },
    {
      "expression": {"items": [
        {
          "isExcluded": false,
          "concept": {
            "INVALID_REASON_CAPTION": "Valid",
            "CONCEPT_ID": 4090651,
            "STANDARD_CONCEPT": "S",
            "CONCEPT_CODE": "251859005",
            "VOCABULARY_ID": "SNOMED",
            "CONCEPT_NAME": "Dialysis finding",
            "DOMAIN_ID": "Observation",
            "STANDARD_CONCEPT_CAPTION": "Standard",
            "CONCEPT_CLASS_ID": "Clinical Finding",
            "INVALID_REASON": "V"
          },
          "includeMapped": false,
          "includeDescendants": true
        },
        {
          "isExcluded": false,
          "concept": {
            "INVALID_REASON_CAPTION": "Valid",
            "CONCEPT_ID": 4032243,
            "STANDARD_CONCEPT": "S",
            "CONCEPT_CODE": "108241001",
            "VOCABULARY_ID": "SNOMED",
            "CONCEPT_NAME": "Dialysis procedure",
            "DOMAIN_ID": "Procedure",
            "STANDARD_CONCEPT_CAPTION": "Standard",
            "CONCEPT_CLASS_ID": "Procedure",
            "INVALID_REASON": "V"
          },
          "includeMapped": false,
          "includeDescendants": true
        },
        {
          "isExcluded": false,
          "concept": {
            "INVALID_REASON_CAPTION": "Valid",
            "CONCEPT_ID": 45889365,
            "STANDARD_CONCEPT": "C",
            "CONCEPT_CODE": "1012740",
            "VOCABULARY_ID": "CPT4",
            "CONCEPT_NAME": "Dialysis Services and Procedures",
            "DOMAIN_ID": "Procedure",
            "STANDARD_CONCEPT_CAPTION": "Classification",
            "CONCEPT_CLASS_ID": "CPT4 Hierarchy",
            "INVALID_REASON": "V"
          },
          "includeMapped": false,
          "includeDescendants": true
        }
      ]},
      "name": "[LEGEND HTN] Dialysis",
      "id": 1
    }
  ],
  "cdmVersionRange": ">=5.0.0",
  "CensoringCriteria": [],
  "AdditionalCriteria": {
    "CriteriaList": [
      {
        "RestrictVisit": false,
        "StartWindow": {
          "UseEventEnd": false,
          "Start": {
            "Days": 1,
            "Coeff": 1
          },
          "End": {
            "Days": 90,
            "Coeff": 1
          },
          "UseIndexEnd": null
        },
        "IgnoreObservationPeriod": false,
        "EndWindow": null,
        "Criteria": {"ConditionOccurrence": {
          "OccurrenceEndDate": null,
          "CorrelatedCriteria": null,
          "ConditionTypeExclude": false,
          "CodesetId": 0,
          "ProviderSpecialty": null,
          "Gender": null,
          "VisitType": null,
          "First": null,
          "OccurrenceStartDate": null,
          "ConditionType": null,
          "ConditionSourceConcept": null,
          "StopReason": null,
          "Age": null
        }},
        "Occurrence": {
          "Type": 2,
          "IsDistinct": false,
          "Count": 1
        }
      },
      {
        "RestrictVisit": false,
        "StartWindow": {
          "UseEventEnd": false,
          "Start": {
            "Days": 0,
            "Coeff": 1
          },
          "End": {
            "Days": 90,
            "Coeff": 1
          },
          "UseIndexEnd": null
        },
        "IgnoreObservationPeriod": false,
        "EndWindow": null,
        "Criteria": {"ProcedureOccurrence": {
          "ProcedureType": null,
          "CorrelatedCriteria": null,
          "CodesetId": 1,
          "ProcedureSourceConcept": null,
          "Quantity": null,
          "ProviderSpecialty": null,
          "Gender": null,
          "ProcedureTypeExclude": false,
          "VisitType": null,
          "First": null,
          "OccurrenceStartDate": null,
          "Modifier": null,
          "Age": null
        }},
        "Occurrence": {
          "Type": 2,
          "IsDistinct": false,
          "Count": 1
        }
      },
      {
        "RestrictVisit": false,
        "StartWindow": {
          "UseEventEnd": false,
          "Start": {
            "Days": 0,
            "Coeff": 1
          },
          "End": {
            "Days": 90,
            "Coeff": 1
          },
          "UseIndexEnd": null
        },
        "IgnoreObservationPeriod": false,
        "EndWindow": null,
        "Criteria": {"Observation": {
          "ValueAsConcept": null,
          "ObservationType": null,
          "CorrelatedCriteria": null,
          "ObservationTypeExclude": false,
          "ValueAsString": null,
          "CodesetId": 1,
          "ProviderSpecialty": null,
          "Gender": null,
          "Unit": null,
          "ObservationSourceConcept": null,
          "VisitType": null,
          "ValueAsNumber": null,
          "Qualifier": null,
          "First": null,
          "OccurrenceStartDate": null,
          "Age": null
        }},
        "Occurrence": {
          "Type": 2,
          "IsDistinct": false,
          "Count": 1
        }
      }
    ],
    "Type": "ANY",
    "DemographicCriteriaList": [],
    "Groups": [],
    "Count": null
  },
  "QualifiedLimit": {"Type": "First"},
  "InclusionRules": [],
  "PrimaryCriteria": {
    "CriteriaList": [{"ConditionOccurrence": {
      "OccurrenceEndDate": null,
      "CorrelatedCriteria": null,
      "ConditionTypeExclude": false,
      "CodesetId": 0,
      "ProviderSpecialty": null,
      "Gender": null,
      "VisitType": null,
      "First": null,
      "OccurrenceStartDate": null,
      "ConditionType": null,
      "ConditionSourceConcept": null,
      "StopReason": null,
      "Age": null
    }}],
    "PrimaryCriteriaLimit": {"Type": "All"},
    "ObservationWindow": {
      "PostDays": 0,
      "PriorDays": 0
    }
  }
}