{
  "ExpressionLimit": {"Type": "All"},
  "CollapseSettings": {
    "CollapseType": "ERA",
    "EraPad": 30
  },
  "CensorWindow": {
    "StartDate": null,
    "EndDate": null
  },
  "ConceptSets": [
    {
      "expression": {"items": [
        {
          "isExcluded": false,
          "concept": {
            "INVALID_REASON_CAPTION": "Valid",
            "CONCEPT_ID": 262,
            "STANDARD_CONCEPT": "S",
            "CONCEPT_CODE": "ERIP",
            "VOCABULARY_ID": "Visit",
            "CONCEPT_NAME": "Emergency Room and Inpatient Visit",
            "DOMAIN_ID": "Visit",
            "STANDARD_CONCEPT_CAPTION": "Standard",
            "CONCEPT_CLASS_ID": "Visit",
            "INVALID_REASON": "V"
          },
          "includeMapped": false,
          "includeDescendants": true
        },
        {
          "isExcluded": false,
          "concept": {
            "INVALID_REASON_CAPTION": "Valid",
            "CONCEPT_ID": 9203,
            "STANDARD_CONCEPT": "S",
            "CONCEPT_CODE": "ER",
            "VOCABULARY_ID": "Visit",
            "CONCEPT_NAME": "Emergency Room Visit",
            "DOMAIN_ID": "Visit",
            "STANDARD_CONCEPT_CAPTION": "Standard",
            "CONCEPT_CLASS_ID": "Visit",
            "INVALID_REASON": "V"
          },
          "includeMapped": false,
          "includeDescendants": true
        },
        {
          "isExcluded": false,
          "concept": {
            "INVALID_REASON_CAPTION": "Valid",
            "CONCEPT_ID": 9201,
            "STANDARD_CONCEPT": "S",
            "CONCEPT_CODE": "IP",
            "VOCABULARY_ID": "Visit",
            "CONCEPT_NAME": "Inpatient Visit",
            "DOMAIN_ID": "Visit",
            "STANDARD_CONCEPT_CAPTION": "Standard",
            "CONCEPT_CLASS_ID": "Visit",
            "INVALID_REASON": "V"
          },
          "includeMapped": false,
          "includeDescendants": true
        }
      ]},
      "name": "Inpatient or ER visit",
      "id": 2
    },
    {
      "expression": {"items": [
        {
          "isExcluded": true,
          "concept": {
            "INVALID_REASON_CAPTION": "Valid",
            "CONCEPT_ID": 4138962,
            "STANDARD_CONCEPT": "S",
            "CONCEPT_CODE": "32490005",
            "VOCABULARY_ID": "SNOMED",
            "CONCEPT_NAME": "Acute duodenal ulcer without hemorrhage AND without perforation",
            "DOMAIN_ID": "Condition",
            "STANDARD_CONCEPT_CAPTION": "Standard",
            "CONCEPT_CLASS_ID": "Clinical Finding",
            "INVALID_REASON": "V"
          },
          "includeMapped": false,
          "includeDescendants": true
        },
        {
          "isExcluded": true,
          "concept": {
            "INVALID_REASON_CAPTION": "Valid",
            "CONCEPT_ID": 4195231,
            "STANDARD_CONCEPT": "S",
            "CONCEPT_CODE": "67964002",
            "VOCABULARY_ID": "SNOMED",
            "CONCEPT_NAME": "Acute gastric ulcer without hemorrhage AND without perforation",
            "DOMAIN_ID": "Condition",
            "STANDARD_CONCEPT_CAPTION": "Standard",
            "CONCEPT_CLASS_ID": "Clinical Finding",
            "INVALID_REASON": "V"
          },
          "includeMapped": false,
          "includeDescendants": true
        },
        {
          "isExcluded": false,
          "concept": {
            "INVALID_REASON_CAPTION": "Valid",
            "CONCEPT_ID": 4147683,
            "STANDARD_CONCEPT": "S",
            "CONCEPT_CODE": "30514008",
            "VOCABULARY_ID": "SNOMED",
            "CONCEPT_NAME": "Acute gastrojejunal ulcer without hemorrhage AND without perforation",
            "DOMAIN_ID": "Condition",
            "STANDARD_CONCEPT_CAPTION": "Standard",
            "CONCEPT_CLASS_ID": "Clinical Finding",
            "INVALID_REASON": "V"
          },
          "includeMapped": false,
          "includeDescendants": false
        },
        {
          "isExcluded": true,
          "concept": {
            "INVALID_REASON_CAPTION": "Valid",
            "CONCEPT_ID": 4163865,
            "STANDARD_CONCEPT": "S",
            "CONCEPT_CODE": "45485004",
            "VOCABULARY_ID": "SNOMED",
            "CONCEPT_NAME": "Acute peptic ulcer without hemorrhage AND without perforation",
            "DOMAIN_ID": "Condition",
            "STANDARD_CONCEPT_CAPTION": "Standard",
            "CONCEPT_CLASS_ID": "Clinical Finding",
            "INVALID_REASON": "V"
          },
          "includeMapped": false,
          "includeDescendants": true
        },
        {
          "isExcluded": true,
          "concept": {
            "INVALID_REASON_CAPTION": "Valid",
            "CONCEPT_ID": 195584,
            "STANDARD_CONCEPT": "S",
            "CONCEPT_CODE": "58085004",
            "VOCABULARY_ID": "SNOMED",
            "CONCEPT_NAME": "Acute peptic ulcer without hemorrhage AND without perforation but with obstruction",
            "DOMAIN_ID": "Condition",
            "STANDARD_CONCEPT_CAPTION": "Standard",
            "CONCEPT_CLASS_ID": "Clinical Finding",
            "INVALID_REASON": "V"
          },
          "includeMapped": false,
          "includeDescendants": true
        },
        {
          "isExcluded": false,
          "concept": {
            "INVALID_REASON_CAPTION": "Valid",
            "CONCEPT_ID": 40482685,
            "STANDARD_CONCEPT": "S",
            "CONCEPT_CODE": "442267002",
            "VOCABULARY_ID": "SNOMED",
            "CONCEPT_NAME": "Angiodysplasia of duodenum",
            "DOMAIN_ID": "Condition",
            "STANDARD_CONCEPT_CAPTION": "Standard",
            "CONCEPT_CLASS_ID": "Clinical Finding",
            "INVALID_REASON": "V"
          },
          "includeMapped": false,
          "includeDescendants": true
        },
        {
          "isExcluded": false,
          "concept": {
            "INVALID_REASON_CAPTION": "Valid",
            "CONCEPT_ID": 28779,
            "STANDARD_CONCEPT": "S",
            "CONCEPT_CODE": "17709002",
            "VOCABULARY_ID": "SNOMED",
            "CONCEPT_NAME": "Bleeding esophageal varices",
            "DOMAIN_ID": "Condition",
            "STANDARD_CONCEPT_CAPTION": "Standard",
            "CONCEPT_CLASS_ID": "Clinical Finding",
            "INVALID_REASON": "V"
          },
          "includeMapped": false,
          "includeDescendants": true
        },
        {
          "isExcluded": true,
          "concept": {
            "INVALID_REASON_CAPTION": "Valid",
            "CONCEPT_ID": 4222896,
            "STANDARD_CONCEPT": "S",
            "CONCEPT_CODE": "40214005",
            "VOCABULARY_ID": "SNOMED",
            "CONCEPT_NAME": "Chronic duodenal ulcer without hemorrhage AND without perforation",
            "DOMAIN_ID": "Condition",
            "STANDARD_CONCEPT_CAPTION": "Standard",
            "CONCEPT_CLASS_ID": "Clinical Finding",
            "INVALID_REASON": "V"
          },
          "includeMapped": false,
          "includeDescendants": true
        },
        {
          "isExcluded": true,
          "concept": {
            "INVALID_REASON_CAPTION": "Valid",
            "CONCEPT_ID": 4296611,
            "STANDARD_CONCEPT": "S",
            "CONCEPT_CODE": "76796008",
            "VOCABULARY_ID": "SNOMED",
            "CONCEPT_NAME": "Chronic gastric ulcer without hemorrhage AND without perforation",
            "DOMAIN_ID": "Condition",
            "STANDARD_CONCEPT_CAPTION": "Standard",
            "CONCEPT_CLASS_ID": "Clinical Finding",
            "INVALID_REASON": "V"
          },
          "includeMapped": false,
          "includeDescendants": true
        },
        {
          "isExcluded": true,
          "concept": {
            "INVALID_REASON_CAPTION": "Valid",
            "CONCEPT_ID": 200769,
            "STANDARD_CONCEPT": "S",
            "CONCEPT_CODE": "1567007",
            "VOCABULARY_ID": "SNOMED",
            "CONCEPT_NAME": "Chronic gastric ulcer without hemorrhage, without perforation AND without obstruction",
            "DOMAIN_ID": "Condition",
            "STANDARD_CONCEPT_CAPTION": "Standard",
            "CONCEPT_CLASS_ID": "Clinical Finding",
            "INVALID_REASON": "V"
          },
          "includeMapped": false,
          "includeDescendants": true
        },
        {
          "isExcluded": true,
          "concept": {
            "INVALID_REASON_CAPTION": "Valid",
            "CONCEPT_ID": 4177387,
            "STANDARD_CONCEPT": "S",
            "CONCEPT_CODE": "4269005",
            "VOCABULARY_ID": "SNOMED",
            "CONCEPT_NAME": "Chronic gastrojejunal ulcer without hemorrhage AND without perforation",
            "DOMAIN_ID": "Condition",
            "STANDARD_CONCEPT_CAPTION": "Standard",
            "CONCEPT_CLASS_ID": "Clinical Finding",
            "INVALID_REASON": "V"
          },
          "includeMapped": false,
          "includeDescendants": true
        },
        {
          "isExcluded": true,
          "concept": {
            "INVALID_REASON_CAPTION": "Valid",
            "CONCEPT_ID": 434400,
            "STANDARD_CONCEPT": "S",
            "CONCEPT_CODE": "56579005",
            "VOCABULARY_ID": "SNOMED",
            "CONCEPT_NAME": "Chronic gastrojejunal ulcer without hemorrhage AND without perforation but with obstruction",
            "DOMAIN_ID": "Condition",
            "STANDARD_CONCEPT_CAPTION": "Standard",
            "CONCEPT_CLASS_ID": "Clinical Finding",
            "INVALID_REASON": "V"
          },
          "includeMapped": false,
          "includeDescendants": true
        },
        {
          "isExcluded": true,
          "concept": {
            "INVALID_REASON_CAPTION": "Valid",
            "CONCEPT_ID": 438795,
            "STANDARD_CONCEPT": "S",
            "CONCEPT_CODE": "41626001",
            "VOCABULARY_ID": "SNOMED",
            "CONCEPT_NAME": "Chronic gastrojejunal ulcer without hemorrhage, without perforation AND without obstruction",
            "DOMAIN_ID": "Condition",
            "STANDARD_CONCEPT_CAPTION": "Standard",
            "CONCEPT_CLASS_ID": "Clinical Finding",
            "INVALID_REASON": "V"
          },
          "includeMapped": false,
          "includeDescendants": true
        },
        {
          "isExcluded": true,
          "concept": {
            "INVALID_REASON_CAPTION": "Valid",
            "CONCEPT_ID": 4204555,
            "STANDARD_CONCEPT": "S",
            "CONCEPT_CODE": "5492000",
            "VOCABULARY_ID": "SNOMED",
            "CONCEPT_NAME": "Chronic peptic ulcer without hemorrhage AND without perforation",
            "DOMAIN_ID": "Condition",
            "STANDARD_CONCEPT_CAPTION": "Standard",
            "CONCEPT_CLASS_ID": "Clinical Finding",
            "INVALID_REASON": "V"
          },
          "includeMapped": false,
          "includeDescendants": true
        },
        {
          "isExcluded": true,
          "concept": {
            "INVALID_REASON_CAPTION": "Valid",
            "CONCEPT_ID": 24973,
            "STANDARD_CONCEPT": "S",
            "CONCEPT_CODE": "12384004",
            "VOCABULARY_ID": "SNOMED",
            "CONCEPT_NAME": "Chronic peptic ulcer without hemorrhage AND without perforation but with obstruction",
            "DOMAIN_ID": "Condition",
            "STANDARD_CONCEPT_CAPTION": "Standard",
            "CONCEPT_CLASS_ID": "Clinical Finding",
            "INVALID_REASON": "V"
          },
          "includeMapped": false,
          "includeDescendants": true
        },
        {
          "isExcluded": true,
          "concept": {
            "INVALID_REASON_CAPTION": "Valid",
            "CONCEPT_ID": 23808,
            "STANDARD_CONCEPT": "S",
            "CONCEPT_CODE": "60400003",
            "VOCABULARY_ID": "SNOMED",
            "CONCEPT_NAME": "Chronic peptic ulcer without hemorrhage, without perforation AND without obstruction",
            "DOMAIN_ID": "Condition",
            "STANDARD_CONCEPT_CAPTION": "Standard",
            "CONCEPT_CLASS_ID": "Clinical Finding",
            "INVALID_REASON": "V"
          },
          "includeMapped": false,
          "includeDescendants": true
        },
        {
          "isExcluded": false,
          "concept": {
            "INVALID_REASON_CAPTION": "Valid",
            "CONCEPT_ID": 2002608,
            "STANDARD_CONCEPT": "S",
            "CONCEPT_CODE": "44.4",
            "VOCABULARY_ID": "ICD9Proc",
            "CONCEPT_NAME": "Control of hemorrhage and suture of ulcer of stomach or duodenum",
            "DOMAIN_ID": "Procedure",
            "STANDARD_CONCEPT_CAPTION": "Standard",
            "CONCEPT_CLASS_ID": "3-dig nonbill code",
            "INVALID_REASON": "V"
          },
          "includeMapped": false,
          "includeDescendants": true
        },
        {
          "isExcluded": false,
          "concept": {
            "INVALID_REASON_CAPTION": "Valid",
            "CONCEPT_ID": 198798,
            "STANDARD_CONCEPT": "S",
            "CONCEPT_CODE": "109558001",
            "VOCABULARY_ID": "SNOMED",
            "CONCEPT_NAME": "Dieulafoy's vascular malformation",
            "DOMAIN_ID": "Condition",
            "STANDARD_CONCEPT_CAPTION": "Standard",
            "CONCEPT_CLASS_ID": "Clinical Finding",
            "INVALID_REASON": "V"
          },
          "includeMapped": false,
          "includeDescendants": true
        },
        {
          "isExcluded": false,
          "concept": {
            "INVALID_REASON_CAPTION": "Valid",
            "CONCEPT_ID": 4198381,
            "STANDARD_CONCEPT": "S",
            "CONCEPT_CODE": "51868009",
            "VOCABULARY_ID": "SNOMED",
            "CONCEPT_NAME": "Duodenal ulcer disease",
            "DOMAIN_ID": "Condition",
            "STANDARD_CONCEPT_CAPTION": "Standard",
            "CONCEPT_CLASS_ID": "Clinical Finding",
            "INVALID_REASON": "V"
          },
          "includeMapped": false,
          "includeDescendants": true
        },
        {
          "isExcluded": true,
          "concept": {
            "INVALID_REASON_CAPTION": "Valid",
            "CONCEPT_ID": 4209746,
            "STANDARD_CONCEPT": "S",
            "CONCEPT_CODE": "56776001",
            "VOCABULARY_ID": "SNOMED",
            "CONCEPT_NAME": "Duodenal ulcer without hemorrhage AND without perforation",
            "DOMAIN_ID": "Condition",
            "STANDARD_CONCEPT_CAPTION": "Standard",
            "CONCEPT_CLASS_ID": "Clinical Finding",
            "INVALID_REASON": "V"
          },
          "includeMapped": false,
          "includeDescendants": true
        },
        {
          "isExcluded": false,
          "concept": {
            "INVALID_REASON_CAPTION": "Valid",
            "CONCEPT_ID": 4112183,
            "STANDARD_CONCEPT": "S",
            "CONCEPT_CODE": "195475003",
            "VOCABULARY_ID": "SNOMED",
            "CONCEPT_NAME": "Esophageal varices with bleeding, associated with another disorder",
            "DOMAIN_ID": "Condition",
            "STANDARD_CONCEPT_CAPTION": "Standard",
            "CONCEPT_CLASS_ID": "Clinical Finding",
            "INVALID_REASON": "V"
          },
          "includeMapped": false,
          "includeDescendants": true
        },
        {
          "isExcluded": false,
          "concept": {
            "INVALID_REASON_CAPTION": "Valid",
            "CONCEPT_ID": 2108900,
            "STANDARD_CONCEPT": "S",
            "CONCEPT_CODE": "43255",
            "VOCABULARY_ID": "CPT4",
            "CONCEPT_NAME": "Esophagogastroduodenoscopy, flexible, transoral; with control of bleeding, any method",
            "DOMAIN_ID": "Procedure",
            "STANDARD_CONCEPT_CAPTION": "Standard",
            "CONCEPT_CLASS_ID": "CPT4",
            "INVALID_REASON": "V"
          },
          "includeMapped": false,
          "includeDescendants": true
        },
        {
          "isExcluded": false,
          "concept": {
            "INVALID_REASON_CAPTION": "Valid",
            "CONCEPT_ID": 2108878,
            "STANDARD_CONCEPT": "S",
            "CONCEPT_CODE": "43227",
            "VOCABULARY_ID": "CPT4",
            "CONCEPT_NAME": "Esophagoscopy, flexible, transoral; with control of bleeding, any method",
            "DOMAIN_ID": "Procedure",
            "STANDARD_CONCEPT_CAPTION": "Standard",
            "CONCEPT_CLASS_ID": "CPT4",
            "INVALID_REASON": "V"
          },
          "includeMapped": false,
          "includeDescendants": true
        },
        {
          "isExcluded": false,
          "concept": {
            "INVALID_REASON_CAPTION": "Valid",
            "CONCEPT_ID": 4265600,
            "STANDARD_CONCEPT": "S",
            "CONCEPT_CODE": "397825006",
            "VOCABULARY_ID": "SNOMED",
            "CONCEPT_NAME": "Gastric ulcer",
            "DOMAIN_ID": "Condition",
            "STANDARD_CONCEPT_CAPTION": "Standard",
            "CONCEPT_CLASS_ID": "Clinical Finding",
            "INVALID_REASON": "V"
          },
          "includeMapped": false,
          "includeDescendants": true
        },
        {
          "isExcluded": true,
          "concept": {
            "INVALID_REASON_CAPTION": "Valid",
            "CONCEPT_ID": 4248429,
            "STANDARD_CONCEPT": "S",
            "CONCEPT_CODE": "73481001",
            "VOCABULARY_ID": "SNOMED",
            "CONCEPT_NAME": "Gastric ulcer without hemorrhage AND without perforation",
            "DOMAIN_ID": "Condition",
            "STANDARD_CONCEPT_CAPTION": "Standard",
            "CONCEPT_CLASS_ID": "Clinical Finding",
            "INVALID_REASON": "V"
          },
          "includeMapped": false,
          "includeDescendants": true
        },
        {
          "isExcluded": false,
          "concept": {
            "INVALID_REASON_CAPTION": "Valid",
            "CONCEPT_ID": 192671,
            "STANDARD_CONCEPT": "S",
            "CONCEPT_CODE": "74474003",
            "VOCABULARY_ID": "SNOMED",
            "CONCEPT_NAME": "Gastrointestinal hemorrhage",
            "DOMAIN_ID": "Condition",
            "STANDARD_CONCEPT_CAPTION": "Standard",
            "CONCEPT_CLASS_ID": "Clinical Finding",
            "INVALID_REASON": "V"
          },
          "includeMapped": false,
          "includeDescendants": true
        },
        {
          "isExcluded": true,
          "concept": {
            "INVALID_REASON_CAPTION": "Valid",
            "CONCEPT_ID": 4101104,
            "STANDARD_CONCEPT": "S",
            "CONCEPT_CODE": "2783007",
            "VOCABULARY_ID": "SNOMED",
            "CONCEPT_NAME": "Gastrojejunal ulcer without hemorrhage AND without perforation",
            "DOMAIN_ID": "Condition",
            "STANDARD_CONCEPT_CAPTION": "Standard",
            "CONCEPT_CLASS_ID": "Clinical Finding",
            "INVALID_REASON": "V"
          },
          "includeMapped": false,
          "includeDescendants": true
        },
        {
          "isExcluded": true,
          "concept": {
            "INVALID_REASON_CAPTION": "Valid",
            "CONCEPT_ID": 443530,
            "STANDARD_CONCEPT": "S",
            "CONCEPT_CODE": "405729008",
            "VOCABULARY_ID": "SNOMED",
            "CONCEPT_NAME": "Hematochezia",
            "DOMAIN_ID": "Condition",
            "STANDARD_CONCEPT_CAPTION": "Standard",
            "CONCEPT_CLASS_ID": "Clinical Finding",
            "INVALID_REASON": "V"
          },
          "includeMapped": false,
          "includeDescendants": true
        },
        {
          "isExcluded": true,
          "concept": {
            "INVALID_REASON_CAPTION": "Valid",
            "CONCEPT_ID": 197925,
            "STANDARD_CONCEPT": "S",
            "CONCEPT_CODE": "266464001",
            "VOCABULARY_ID": "SNOMED",
            "CONCEPT_NAME": "Hemorrhage of rectum and anus",
            "DOMAIN_ID": "Condition",
            "STANDARD_CONCEPT_CAPTION": "Standard",
            "CONCEPT_CLASS_ID": "Clinical Finding",
            "INVALID_REASON": "V"
          },
          "includeMapped": false,
          "includeDescendants": true
        },
        {
          "isExcluded": false,
          "concept": {
            "INVALID_REASON_CAPTION": "Valid",
            "CONCEPT_ID": 4027663,
            "STANDARD_CONCEPT": "S",
            "CONCEPT_CODE": "13200003",
            "VOCABULARY_ID": "SNOMED",
            "CONCEPT_NAME": "Peptic ulcer",
            "DOMAIN_ID": "Condition",
            "STANDARD_CONCEPT_CAPTION": "Standard",
            "CONCEPT_CLASS_ID": "Clinical Finding",
            "INVALID_REASON": "V"
          },
          "includeMapped": false,
          "includeDescendants": true
        },
        {
          "isExcluded": true,
          "concept": {
            "INVALID_REASON_CAPTION": "Valid",
            "CONCEPT_ID": 4291028,
            "STANDARD_CONCEPT": "S",
            "CONCEPT_CODE": "37442009",
            "VOCABULARY_ID": "SNOMED",
            "CONCEPT_NAME": "Peptic ulcer without hemorrhage AND without perforation",
            "DOMAIN_ID": "Condition",
            "STANDARD_CONCEPT_CAPTION": "Standard",
            "CONCEPT_CLASS_ID": "Clinical Finding",
            "INVALID_REASON": "V"
          },
          "includeMapped": false,
          "includeDescendants": true
        }
      ]},
      "name": "[LEGEND HTN] Gastrointestinal hemorrhage GI bleeding",
      "id": 5
    }
  ],
  "EndStrategy": {"DateOffset": {
    "DateField": "StartDate",
    "Offset": 7
  }},
  "cdmVersionRange": ">=5.0.0",
  "CensoringCriteria": [],
  "AdditionalCriteria": {
    "CriteriaList": [{
      "RestrictVisit": false,
      "StartWindow": {
        "UseEventEnd": false,
        "Start": {
          "Days": null,
          "Coeff": -1
        },
        "End": {
          "Days": 0,
          "Coeff": 1
        },
        "UseIndexEnd": null
      },
      "IgnoreObservationPeriod": false,
      "EndWindow": {
        "UseEventEnd": true,
        "Start": {
          "Days": 0,
          "Coeff": -1
        },
        "End": {
          "Days": null,
          "Coeff": 1
        },
        "UseIndexEnd": null
      },
      "Criteria": {"VisitOccurrence": {
        "OccurrenceEndDate": null,
        "VisitLength": null,
        "CorrelatedCriteria": null,
        "VisitSourceConcept": null,
        "CodesetId": 2,
        "VisitTypeExclude": false,
        "ProviderSpecialty": null,
        "Gender": null,
        "PlaceOfServiceLocation": null,
        "PlaceOfService": null,
        "VisitType": null,
        "First": null,
        "OccurrenceStartDate": null,
        "Age": null
      }},
      "Occurrence": {
        "Type": 2,
        "IsDistinct": false,
        "Count": 1
      }
    }],
    "Type": "ANY",
    "DemographicCriteriaList": [],
    "Groups": [],
    "Count": null
  },
  "QualifiedLimit": {"Type": "All"},
  "InclusionRules": [],
  "PrimaryCriteria": {
    "CriteriaList": [{"ConditionOccurrence": {
      "OccurrenceEndDate": null,
      "CorrelatedCriteria": null,
      "ConditionTypeExclude": false,
      "CodesetId": 5,
      "ProviderSpecialty": null,
      "Gender": null,
      "VisitType": null,
      "First": null,
      "OccurrenceStartDate": null,
      "ConditionType": null,
      "ConditionSourceConcept": null,
      "StopReason": null,
      "Age": null
    }}],
    "PrimaryCriteriaLimit": {"Type": "All"},
    "ObservationWindow": {
      "PostDays": 0,
      "PriorDays": 0
    }
  }
}