{
  "ExpressionLimit": {"Type": "All"},
  "CollapseSettings": {
    "CollapseType": "ERA",
    "EraPad": 30
  },
  "CensorWindow": {
    "StartDate": null,
    "EndDate": null
  },
  "ConceptSets": [
    {
      "expression": {"items": [{
        "isExcluded": false,
        "concept": {
          "INVALID_REASON_CAPTION": "Valid",
          "CONCEPT_ID": 255848,
          "STANDARD_CONCEPT": "S",
          "CONCEPT_CODE": "233604007",
          "VOCABULARY_ID": "SNOMED",
          "CONCEPT_NAME": "Pneumonia",
          "DOMAIN_ID": "Condition",
          "STANDARD_CONCEPT_CAPTION": "Standard",
          "CONCEPT_CLASS_ID": "Clinical Finding",
          "INVALID_REASON": "V"
        },
        "includeMapped": false,
        "includeDescendants": true
      }]},
      "name": "[OHDSI COV19] Pneumonia",
      "id": 0
    },
    {
      "expression": {"items": [
        {
          "isExcluded": false,
          "concept": {
            "INVALID_REASON_CAPTION": "Valid",
            "CONCEPT_ID": 262,
            "STANDARD_CONCEPT": "S",
            "CONCEPT_CODE": "ERIP",
            "VOCABULARY_ID": "Visit",
            "CONCEPT_NAME": "Emergency Room and Inpatient Visit",
            "DOMAIN_ID": "Visit",
            "STANDARD_CONCEPT_CAPTION": "Standard",
            "CONCEPT_CLASS_ID": "Visit",
            "INVALID_REASON": "V"
          },
          "includeMapped": false,
          "includeDescendants": true
        },
        {
          "isExcluded": false,
          "concept": {
            "INVALID_REASON_CAPTION": "Valid",
            "CONCEPT_ID": 9201,
            "STANDARD_CONCEPT": "S",
            "CONCEPT_CODE": "IP",
            "VOCABULARY_ID": "Visit",
            "CONCEPT_NAME": "Inpatient Visit",
            "DOMAIN_ID": "Visit",
            "STANDARD_CONCEPT_CAPTION": "Standard",
            "CONCEPT_CLASS_ID": "Visit",
            "INVALID_REASON": "V"
          },
          "includeMapped": false,
          "includeDescendants": true
        }
      ]},
      "name": "Inpatient or Inpatient/ER visit",
      "id": 1
    }
  ],
  "EndStrategy": {"DateOffset": {
    "DateField": "EndDate",
    "Offset": 1
  }},
  "cdmVersionRange": ">=5.0.0",
  "CensoringCriteria": [],
  "AdditionalCriteria": {
    "CriteriaList": [{
      "RestrictVisit": false,
      "StartWindow": {
        "UseEventEnd": false,
        "Start": {
          "Days": 0,
          "Coeff": -1
        },
        "End": {
          "Days": null,
          "Coeff": 1
        },
        "UseIndexEnd": false
      },
      "IgnoreObservationPeriod": false,
      "EndWindow": {
        "UseEventEnd": false,
        "Start": {
          "Days": null,
          "Coeff": -1
        },
        "End": {
          "Days": 0,
          "Coeff": 1
        },
        "UseIndexEnd": true
      },
      "Criteria": {"ConditionOccurrence": {
        "OccurrenceEndDate": null,
        "CorrelatedCriteria": null,
        "ConditionTypeExclude": false,
        "CodesetId": 0,
        "ProviderSpecialty": null,
        "Gender": null,
        "VisitType": null,
        "First": null,
        "OccurrenceStartDate": null,
        "ConditionType": null,
        "ConditionSourceConcept": null,
        "StopReason": null,
        "Age": null
      }},
      "Occurrence": {
        "Type": 2,
        "IsDistinct": false,
        "Count": 1
      }
    }],
    "Type": "ALL",
    "DemographicCriteriaList": [],
    "Groups": [],
    "Count": null
  },
  "QualifiedLimit": {"Type": "All"},
  "InclusionRules": [],
  "PrimaryCriteria": {
    "CriteriaList": [{"VisitOccurrence": {
      "OccurrenceEndDate": null,
      "VisitLength": null,
      "CorrelatedCriteria": null,
      "VisitSourceConcept": null,
      "CodesetId": 1,
      "VisitTypeExclude": false,
      "ProviderSpecialty": null,
      "Gender": null,
      "PlaceOfServiceLocation": null,
      "PlaceOfService": null,
      "VisitType": null,
      "First": null,
      "OccurrenceStartDate": null,
      "Age": null
    }}],
    "PrimaryCriteriaLimit": {"Type": "All"},
    "ObservationWindow": {
      "PostDays": 0,
      "PriorDays": 365
    }
  }
}