{
  "ExpressionLimit": {"Type": "All"},
  "CollapseSettings": {
    "CollapseType": "ERA",
    "EraPad": 30
  },
  "CensorWindow": {
    "StartDate": null,
    "EndDate": null
  },
  "ConceptSets": [
    {
      "expression": {"items": [{
        "isExcluded": false,
        "concept": {
          "INVALID_REASON_CAPTION": "Valid",
          "CONCEPT_ID": 4041664,
          "STANDARD_CONCEPT": "S",
          "CONCEPT_CODE": "230145002",
          "VOCABULARY_ID": "SNOMED",
          "CONCEPT_NAME": "Difficulty breathing",
          "DOMAIN_ID": "Condition",
          "STANDARD_CONCEPT_CAPTION": "Standard",
          "CONCEPT_CLASS_ID": "Clinical Finding",
          "INVALID_REASON": "V"
        },
        "includeMapped": false,
        "includeDescendants": true
      }]},
      "name": "[OHDSI Cov19] Dyspnea",
      "id": 0
    },
    {
      "expression": {"items": [
        {
          "isExcluded": false,
          "concept": {
            "INVALID_REASON_CAPTION": "Valid",
            "CONCEPT_ID": 4266367,
            "STANDARD_CONCEPT": "S",
            "CONCEPT_CODE": "6142004",
            "VOCABULARY_ID": "SNOMED",
            "CONCEPT_NAME": "Influenza",
            "DOMAIN_ID": "Condition",
            "STANDARD_CONCEPT_CAPTION": "Standard",
            "CONCEPT_CLASS_ID": "Clinical Finding",
            "INVALID_REASON": "V"
          },
          "includeMapped": false,
          "includeDescendants": true
        },
        {
          "isExcluded": false,
          "concept": {
            "INVALID_REASON_CAPTION": "Valid",
            "CONCEPT_ID": 4319159,
            "STANDARD_CONCEPT": "S",
            "CONCEPT_CODE": "95891005",
            "VOCABULARY_ID": "SNOMED",
            "CONCEPT_NAME": "Influenza-like illness",
            "DOMAIN_ID": "Condition",
            "STANDARD_CONCEPT_CAPTION": "Standard",
            "CONCEPT_CLASS_ID": "Clinical Finding",
            "INVALID_REASON": "V"
          },
          "includeMapped": false,
          "includeDescendants": true
        },
        {
          "isExcluded": false,
          "concept": {
            "INVALID_REASON_CAPTION": "Valid",
            "CONCEPT_ID": 4153160,
            "STANDARD_CONCEPT": "S",
            "CONCEPT_CODE": "315642008",
            "VOCABULARY_ID": "SNOMED",
            "CONCEPT_NAME": "Influenza-like symptoms",
            "DOMAIN_ID": "Condition",
            "STANDARD_CONCEPT_CAPTION": "Standard",
            "CONCEPT_CLASS_ID": "Clinical Finding",
            "INVALID_REASON": "V"
          },
          "includeMapped": false,
          "includeDescendants": true
        },
        {
          "isExcluded": false,
          "concept": {
            "INVALID_REASON_CAPTION": "Valid",
            "CONCEPT_ID": 4099911,
            "STANDARD_CONCEPT": "S",
            "CONCEPT_CODE": "27475006",
            "VOCABULARY_ID": "SNOMED",
            "CONCEPT_NAME": "Parainfluenza virus bronchitis",
            "DOMAIN_ID": "Condition",
            "STANDARD_CONCEPT_CAPTION": "Standard",
            "CONCEPT_CLASS_ID": "Clinical Finding",
            "INVALID_REASON": "V"
          },
          "includeMapped": false,
          "includeDescendants": true
        },
        {
          "isExcluded": false,
          "concept": {
            "INVALID_REASON_CAPTION": "Valid",
            "CONCEPT_ID": 439857,
            "STANDARD_CONCEPT": "S",
            "CONCEPT_CODE": "64917006",
            "VOCABULARY_ID": "SNOMED",
            "CONCEPT_NAME": "Parainfluenza virus pneumonia",
            "DOMAIN_ID": "Condition",
            "STANDARD_CONCEPT_CAPTION": "Standard",
            "CONCEPT_CLASS_ID": "Clinical Finding",
            "INVALID_REASON": "V"
          },
          "includeMapped": false,
          "includeDescendants": true
        }
      ]},
      "name": "[OHDSI Cov19] Influenza",
      "id": 2
    },
    {
      "expression": {"items": [
        {
          "isExcluded": false,
          "concept": {
            "INVALID_REASON_CAPTION": "Valid",
            "CONCEPT_ID": 444413,
            "STANDARD_CONCEPT": "S",
            "CONCEPT_CODE": "41497008",
            "VOCABULARY_ID": "SNOMED",
            "CONCEPT_NAME": "Febrile convulsion",
            "DOMAIN_ID": "Condition",
            "STANDARD_CONCEPT_CAPTION": "Standard",
            "CONCEPT_CLASS_ID": "Clinical Finding",
            "INVALID_REASON": "V"
          },
          "includeMapped": false,
          "includeDescendants": true
        },
        {
          "isExcluded": false,
          "concept": {
            "INVALID_REASON_CAPTION": "Valid",
            "CONCEPT_ID": 437663,
            "STANDARD_CONCEPT": "S",
            "CONCEPT_CODE": "386661006",
            "VOCABULARY_ID": "SNOMED",
            "CONCEPT_NAME": "Fever",
            "DOMAIN_ID": "Condition",
            "STANDARD_CONCEPT_CAPTION": "Standard",
            "CONCEPT_CLASS_ID": "Clinical Finding",
            "INVALID_REASON": "V"
          },
          "includeMapped": false,
          "includeDescendants": true
        }
      ]},
      "name": "[OHDSI Cov19] Fever",
      "id": 3
    },
    {
      "expression": {"items": [
        {
          "isExcluded": false,
          "concept": {
            "INVALID_REASON_CAPTION": "Valid",
            "CONCEPT_ID": 254761,
            "STANDARD_CONCEPT": "S",
            "CONCEPT_CODE": "49727002",
            "VOCABULARY_ID": "SNOMED",
            "CONCEPT_NAME": "Cough",
            "DOMAIN_ID": "Condition",
            "STANDARD_CONCEPT_CAPTION": "Standard",
            "CONCEPT_CLASS_ID": "Clinical Finding",
            "INVALID_REASON": "V"
          },
          "includeMapped": false,
          "includeDescendants": true
        },
        {
          "isExcluded": false,
          "concept": {
            "INVALID_REASON_CAPTION": "Valid",
            "CONCEPT_ID": 4089228,
            "STANDARD_CONCEPT": "S",
            "CONCEPT_CODE": "248595008",
            "VOCABULARY_ID": "SNOMED",
            "CONCEPT_NAME": "Sputum finding",
            "DOMAIN_ID": "Condition",
            "STANDARD_CONCEPT_CAPTION": "Standard",
            "CONCEPT_CLASS_ID": "Clinical Finding",
            "INVALID_REASON": "V"
          },
          "includeMapped": false,
          "includeDescendants": true
        }
      ]},
      "name": "[OHDSI Cov19] Cough",
      "id": 4
    },
    {
      "expression": {"items": [{
        "isExcluded": false,
        "concept": {
          "INVALID_REASON_CAPTION": "Valid",
          "CONCEPT_ID": 255848,
          "STANDARD_CONCEPT": "S",
          "CONCEPT_CODE": "233604007",
          "VOCABULARY_ID": "SNOMED",
          "CONCEPT_NAME": "Pneumonia",
          "DOMAIN_ID": "Condition",
          "STANDARD_CONCEPT_CAPTION": "Standard",
          "CONCEPT_CLASS_ID": "Clinical Finding",
          "INVALID_REASON": "V"
        },
        "includeMapped": false,
        "includeDescendants": true
      }]},
      "name": "[OHDSI COV19] Pneumonia",
      "id": 6
    },
    {
      "expression": {"items": [
        {
          "isExcluded": true,
          "concept": {
            "INVALID_REASON_CAPTION": "Valid",
            "CONCEPT_ID": 442774,
            "STANDARD_CONCEPT": "S",
            "CONCEPT_CODE": "63491006",
            "VOCABULARY_ID": "SNOMED",
            "CONCEPT_NAME": "Intermittent claudication",
            "DOMAIN_ID": "Condition",
            "STANDARD_CONCEPT_CAPTION": "Standard",
            "CONCEPT_CLASS_ID": "Clinical Finding",
            "INVALID_REASON": "V"
          },
          "includeMapped": false,
          "includeDescendants": true
        },
        {
          "isExcluded": false,
          "concept": {
            "INVALID_REASON_CAPTION": "Valid",
            "CONCEPT_ID": 442752,
            "STANDARD_CONCEPT": "S",
            "CONCEPT_CODE": "68962001",
            "VOCABULARY_ID": "SNOMED",
            "CONCEPT_NAME": "Muscle pain",
            "DOMAIN_ID": "Condition",
            "STANDARD_CONCEPT_CAPTION": "Standard",
            "CONCEPT_CLASS_ID": "Clinical Finding",
            "INVALID_REASON": "V"
          },
          "includeMapped": false,
          "includeDescendants": true
        }
      ]},
      "name": "[OHDSI Cov19] Myalgia",
      "id": 7
    }
  ],
  "EndStrategy": {"DateOffset": {
    "DateField": "StartDate",
    "Offset": 7
  }},
  "cdmVersionRange": ">=5.0.0",
  "CensoringCriteria": [],
  "QualifiedLimit": {"Type": "All"},
  "InclusionRules": [],
  "PrimaryCriteria": {
    "CriteriaList": [
      {"ConditionOccurrence": {
        "OccurrenceEndDate": null,
        "CorrelatedCriteria": null,
        "ConditionTypeExclude": false,
        "CodesetId": 2,
        "ProviderSpecialty": null,
        "Gender": null,
        "VisitType": null,
        "First": null,
        "OccurrenceStartDate": null,
        "ConditionType": null,
        "ConditionSourceConcept": null,
        "StopReason": null,
        "Age": null
      }},
      {"ConditionOccurrence": {
        "OccurrenceEndDate": null,
        "CorrelatedCriteria": null,
        "ConditionTypeExclude": false,
        "CodesetId": 6,
        "ProviderSpecialty": null,
        "Gender": null,
        "VisitType": null,
        "First": null,
        "OccurrenceStartDate": null,
        "ConditionType": null,
        "ConditionSourceConcept": null,
        "StopReason": null,
        "Age": null
      }},
      {"ConditionOccurrence": {
        "OccurrenceEndDate": null,
        "CorrelatedCriteria": {
          "CriteriaList": [
            {
              "RestrictVisit": false,
              "StartWindow": {
                "UseEventEnd": false,
                "Start": {
                  "Days": 7,
                  "Coeff": -1
                },
                "End": {
                  "Days": 7,
                  "Coeff": 1
                },
                "UseIndexEnd": false
              },
              "IgnoreObservationPeriod": false,
              "EndWindow": null,
              "Criteria": {"ConditionOccurrence": {
                "OccurrenceEndDate": null,
                "CorrelatedCriteria": null,
                "ConditionTypeExclude": false,
                "CodesetId": 4,
                "ProviderSpecialty": null,
                "Gender": null,
                "VisitType": null,
                "First": null,
                "OccurrenceStartDate": null,
                "ConditionType": null,
                "ConditionSourceConcept": null,
                "StopReason": null,
                "Age": null
              }},
              "Occurrence": {
                "Type": 2,
                "IsDistinct": false,
                "Count": 1
              }
            },
            {
              "RestrictVisit": false,
              "StartWindow": {
                "UseEventEnd": false,
                "Start": {
                  "Days": 7,
                  "Coeff": -1
                },
                "End": {
                  "Days": 7,
                  "Coeff": 1
                },
                "UseIndexEnd": false
              },
              "IgnoreObservationPeriod": false,
              "EndWindow": null,
              "Criteria": {"ConditionOccurrence": {
                "OccurrenceEndDate": null,
                "CorrelatedCriteria": null,
                "ConditionTypeExclude": false,
                "CodesetId": 0,
                "ProviderSpecialty": null,
                "Gender": null,
                "VisitType": null,
                "First": null,
                "OccurrenceStartDate": null,
                "ConditionType": null,
                "ConditionSourceConcept": null,
                "StopReason": null,
                "Age": null
              }},
              "Occurrence": {
                "Type": 2,
                "IsDistinct": false,
                "Count": 1
              }
            },
            {
              "RestrictVisit": false,
              "StartWindow": {
                "UseEventEnd": false,
                "Start": {
                  "Days": 7,
                  "Coeff": -1
                },
                "End": {
                  "Days": 7,
                  "Coeff": 1
                },
                "UseIndexEnd": false
              },
              "IgnoreObservationPeriod": false,
              "EndWindow": null,
              "Criteria": {"ConditionOccurrence": {
                "OccurrenceEndDate": null,
                "CorrelatedCriteria": null,
                "ConditionTypeExclude": false,
                "CodesetId": 7,
                "ProviderSpecialty": null,
                "Gender": null,
                "VisitType": null,
                "First": null,
                "OccurrenceStartDate": null,
                "ConditionType": null,
                "ConditionSourceConcept": null,
                "StopReason": null,
                "Age": null
              }},
              "Occurrence": {
                "Type": 2,
                "IsDistinct": false,
                "Count": 1
              }
            }
          ],
          "Type": "ANY",
          "DemographicCriteriaList": [],
          "Groups": [],
          "Count": null
        },
        "ConditionTypeExclude": false,
        "CodesetId": 3,
        "ProviderSpecialty": null,
        "Gender": null,
        "VisitType": null,
        "First": null,
        "OccurrenceStartDate": null,
        "ConditionType": null,
        "ConditionSourceConcept": null,
        "StopReason": null,
        "Age": null
      }}
    ],
    "PrimaryCriteriaLimit": {"Type": "All"},
    "ObservationWindow": {
      "PostDays": 0,
      "PriorDays": 0
    }
  }
}