{
  "ExpressionLimit": {"Type": "First"},
  "CollapseSettings": {
    "CollapseType": "ERA",
    "EraPad": 0
  },
  "CensorWindow": {
    "StartDate": null,
    "EndDate": null
  },
  "ConceptSets": [
    {
      "expression": {"items": [{
        "isExcluded": false,
        "concept": {
          "INVALID_REASON_CAPTION": "Valid",
          "CONCEPT_ID": 964339,
          "STANDARD_CONCEPT": "S",
          "CONCEPT_CODE": "9524",
          "VOCABULARY_ID": "RxNorm",
          "CONCEPT_NAME": "Sulfasalazine",
          "DOMAIN_ID": "Drug",
          "STANDARD_CONCEPT_CAPTION": "Standard",
          "CONCEPT_CLASS_ID": "Ingredient",
          "INVALID_REASON": "V"
        },
        "includeMapped": false,
        "includeDescendants": true
      }]},
      "name": "[OHDSI Cov19] sulfasalazine",
      "id": 2
    },
    {
      "expression": {"items": [
        {
          "isExcluded": false,
          "concept": {
            "INVALID_REASON_CAPTION": "Valid",
            "CONCEPT_ID": 4297650,
            "STANDARD_CONCEPT": "S",
            "CONCEPT_CODE": "402431009",
            "VOCABULARY_ID": "SNOMED",
            "CONCEPT_NAME": "Cutaneous atrophy due to rheumatoid arthritis",
            "DOMAIN_ID": "Condition",
            "STANDARD_CONCEPT_CAPTION": "Standard",
            "CONCEPT_CLASS_ID": "Clinical Finding",
            "INVALID_REASON": "V"
          },
          "includeMapped": false,
          "includeDescendants": true
        },
        {
          "isExcluded": false,
          "concept": {
            "INVALID_REASON_CAPTION": "Valid",
            "CONCEPT_ID": 4334806,
            "STANDARD_CONCEPT": "S",
            "CONCEPT_CODE": "433228003",
            "VOCABULARY_ID": "SNOMED",
            "CONCEPT_NAME": "Deformity of foot due to rheumatoid arthritis",
            "DOMAIN_ID": "Condition",
            "STANDARD_CONCEPT_CAPTION": "Standard",
            "CONCEPT_CLASS_ID": "Clinical Finding",
            "INVALID_REASON": "V"
          },
          "includeMapped": false,
          "includeDescendants": true
        },
        {
          "isExcluded": false,
          "concept": {
            "INVALID_REASON_CAPTION": "Valid",
            "CONCEPT_ID": 46273442,
            "STANDARD_CONCEPT": "S",
            "CONCEPT_CODE": "96531000119109",
            "VOCABULARY_ID": "SNOMED",
            "CONCEPT_NAME": "Deformity of hand due to rheumatoid arthritis",
            "DOMAIN_ID": "Condition",
            "STANDARD_CONCEPT_CAPTION": "Standard",
            "CONCEPT_CLASS_ID": "Clinical Finding",
            "INVALID_REASON": "V"
          },
          "includeMapped": false,
          "includeDescendants": true
        },
        {
          "isExcluded": false,
          "concept": {
            "INVALID_REASON_CAPTION": "Valid",
            "CONCEPT_ID": 2107572,
            "STANDARD_CONCEPT": "S",
            "CONCEPT_CODE": "3476F",
            "VOCABULARY_ID": "CPT4",
            "CONCEPT_NAME": "Disease prognosis for rheumatoid arthritis assessed, good prognosis documented (RA)",
            "DOMAIN_ID": "Observation",
            "STANDARD_CONCEPT_CAPTION": "Standard",
            "CONCEPT_CLASS_ID": "CPT4",
            "INVALID_REASON": "V"
          },
          "includeMapped": false,
          "includeDescendants": true
        },
        {
          "isExcluded": false,
          "concept": {
            "INVALID_REASON_CAPTION": "Valid",
            "CONCEPT_ID": 2107561,
            "STANDARD_CONCEPT": "S",
            "CONCEPT_CODE": "3475F",
            "VOCABULARY_ID": "CPT4",
            "CONCEPT_NAME": "Disease prognosis for rheumatoid arthritis assessed, poor prognosis documented (RA)",
            "DOMAIN_ID": "Observation",
            "STANDARD_CONCEPT_CAPTION": "Standard",
            "CONCEPT_CLASS_ID": "CPT4",
            "INVALID_REASON": "V"
          },
          "includeMapped": false,
          "includeDescendants": true
        },
        {
          "isExcluded": false,
          "concept": {
            "INVALID_REASON_CAPTION": "Valid",
            "CONCEPT_ID": 4058299,
            "STANDARD_CONCEPT": "S",
            "CONCEPT_CODE": "161567008",
            "VOCABULARY_ID": "SNOMED",
            "CONCEPT_NAME": "H/O: rheumatoid arthritis",
            "DOMAIN_ID": "Observation",
            "STANDARD_CONCEPT_CAPTION": "Standard",
            "CONCEPT_CLASS_ID": "Context-dependent",
            "INVALID_REASON": "V"
          },
          "includeMapped": false,
          "includeDescendants": true
        },
        {
          "isExcluded": false,
          "concept": {
            "INVALID_REASON_CAPTION": "Valid",
            "CONCEPT_ID": 4107913,
            "STANDARD_CONCEPT": "S",
            "CONCEPT_CODE": "193250002",
            "VOCABULARY_ID": "SNOMED",
            "CONCEPT_NAME": "Myopathy due to rheumatoid arthritis",
            "DOMAIN_ID": "Condition",
            "STANDARD_CONCEPT_CAPTION": "Standard",
            "CONCEPT_CLASS_ID": "Clinical Finding",
            "INVALID_REASON": "V"
          },
          "includeMapped": false,
          "includeDescendants": true
        },
        {
          "isExcluded": false,
          "concept": {
            "INVALID_REASON_CAPTION": "Valid",
            "CONCEPT_ID": 2108721,
            "STANDARD_CONCEPT": "S",
            "CONCEPT_CODE": "4195F",
            "VOCABULARY_ID": "CPT4",
            "CONCEPT_NAME": "Patient receiving first-time biologic disease modifying anti-rheumatic drug therapy for rheumatoid arthritis (RA)",
            "DOMAIN_ID": "Observation",
            "STANDARD_CONCEPT_CAPTION": "Standard",
            "CONCEPT_CLASS_ID": "CPT4",
            "INVALID_REASON": "V"
          },
          "includeMapped": false,
          "includeDescendants": true
        },
        {
          "isExcluded": false,
          "concept": {
            "INVALID_REASON_CAPTION": "Valid",
            "CONCEPT_ID": 4102493,
            "STANDARD_CONCEPT": "S",
            "CONCEPT_CODE": "193180002",
            "VOCABULARY_ID": "SNOMED",
            "CONCEPT_NAME": "Polyneuropathy in rheumatoid arthritis",
            "DOMAIN_ID": "Condition",
            "STANDARD_CONCEPT_CAPTION": "Standard",
            "CONCEPT_CLASS_ID": "Clinical Finding",
            "INVALID_REASON": "V"
          },
          "includeMapped": false,
          "includeDescendants": true
        },
        {
          "isExcluded": false,
          "concept": {
            "INVALID_REASON_CAPTION": "Valid",
            "CONCEPT_ID": 80809,
            "STANDARD_CONCEPT": "S",
            "CONCEPT_CODE": "69896004",
            "VOCABULARY_ID": "SNOMED",
            "CONCEPT_NAME": "Rheumatoid arthritis",
            "DOMAIN_ID": "Condition",
            "STANDARD_CONCEPT_CAPTION": "Standard",
            "CONCEPT_CLASS_ID": "Clinical Finding",
            "INVALID_REASON": "V"
          },
          "includeMapped": false,
          "includeDescendants": true
        },
        {
          "isExcluded": false,
          "concept": {
            "INVALID_REASON_CAPTION": "Valid",
            "CONCEPT_ID": 2107560,
            "STANDARD_CONCEPT": "S",
            "CONCEPT_CODE": "3472F",
            "VOCABULARY_ID": "CPT4",
            "CONCEPT_NAME": "Rheumatoid arthritis (RA) disease activity, high (RA)",
            "DOMAIN_ID": "Observation",
            "STANDARD_CONCEPT_CAPTION": "Standard",
            "CONCEPT_CLASS_ID": "CPT4",
            "INVALID_REASON": "V"
          },
          "includeMapped": false,
          "includeDescendants": true
        },
        {
          "isExcluded": false,
          "concept": {
            "INVALID_REASON_CAPTION": "Valid",
            "CONCEPT_ID": 2107558,
            "STANDARD_CONCEPT": "S",
            "CONCEPT_CODE": "3470F",
            "VOCABULARY_ID": "CPT4",
            "CONCEPT_NAME": "Rheumatoid arthritis (RA) disease activity, low (RA)",
            "DOMAIN_ID": "Observation",
            "STANDARD_CONCEPT_CAPTION": "Standard",
            "CONCEPT_CLASS_ID": "CPT4",
            "INVALID_REASON": "V"
          },
          "includeMapped": false,
          "includeDescendants": true
        },
        {
          "isExcluded": false,
          "concept": {
            "INVALID_REASON_CAPTION": "Valid",
            "CONCEPT_ID": 2107559,
            "STANDARD_CONCEPT": "S",
            "CONCEPT_CODE": "3471F",
            "VOCABULARY_ID": "CPT4",
            "CONCEPT_NAME": "Rheumatoid arthritis (RA) disease activity, moderate (RA)",
            "DOMAIN_ID": "Observation",
            "STANDARD_CONCEPT_CAPTION": "Standard",
            "CONCEPT_CLASS_ID": "CPT4",
            "INVALID_REASON": "V"
          },
          "includeMapped": false,
          "includeDescendants": true
        },
        {
          "isExcluded": false,
          "concept": {
            "INVALID_REASON_CAPTION": "Valid",
            "CONCEPT_ID": 4083556,
            "STANDARD_CONCEPT": "S",
            "CONCEPT_CODE": "239792003",
            "VOCABULARY_ID": "SNOMED",
            "CONCEPT_NAME": "Seronegative rheumatoid arthritis",
            "DOMAIN_ID": "Condition",
            "STANDARD_CONCEPT_CAPTION": "Standard",
            "CONCEPT_CLASS_ID": "Clinical Finding",
            "INVALID_REASON": "V"
          },
          "includeMapped": false,
          "includeDescendants": true
        },
        {
          "isExcluded": false,
          "concept": {
            "INVALID_REASON_CAPTION": "Valid",
            "CONCEPT_ID": 4035611,
            "STANDARD_CONCEPT": "S",
            "CONCEPT_CODE": "239791005",
            "VOCABULARY_ID": "SNOMED",
            "CONCEPT_NAME": "Seropositive rheumatoid arthritis",
            "DOMAIN_ID": "Condition",
            "STANDARD_CONCEPT_CAPTION": "Standard",
            "CONCEPT_CLASS_ID": "Clinical Finding",
            "INVALID_REASON": "V"
          },
          "includeMapped": false,
          "includeDescendants": true
        }
      ]},
      "name": "[OHDSI Cov19] Rheumatoid arthritis",
      "id": 3
    }
  ],
  "EndStrategy": {"CustomEra": {
    "DrugCodesetId": 2,
    "GapDays": 90,
    "Offset": 0
  }},
  "cdmVersionRange": ">=5.0.0",
  "CensoringCriteria": [],
  "QualifiedLimit": {"Type": "First"},
  "InclusionRules": [{
    "expression": {
      "CriteriaList": [
        {
          "RestrictVisit": false,
          "StartWindow": {
            "UseEventEnd": false,
            "Start": {
              "Days": null,
              "Coeff": -1
            },
            "End": {
              "Days": 0,
              "Coeff": 1
            },
            "UseIndexEnd": false
          },
          "IgnoreObservationPeriod": false,
          "EndWindow": null,
          "Criteria": {"ConditionOccurrence": {
            "OccurrenceEndDate": null,
            "CorrelatedCriteria": null,
            "ConditionTypeExclude": false,
            "CodesetId": 3,
            "ProviderSpecialty": null,
            "Gender": null,
            "VisitType": null,
            "First": null,
            "OccurrenceStartDate": null,
            "ConditionType": null,
            "ConditionSourceConcept": null,
            "StopReason": null,
            "Age": null
          }},
          "Occurrence": {
            "Type": 2,
            "IsDistinct": false,
            "Count": 1
          }
        },
        {
          "RestrictVisit": false,
          "StartWindow": {
            "UseEventEnd": false,
            "Start": {
              "Days": null,
              "Coeff": -1
            },
            "End": {
              "Days": 0,
              "Coeff": 1
            },
            "UseIndexEnd": false
          },
          "IgnoreObservationPeriod": false,
          "EndWindow": null,
          "Criteria": {"Observation": {
            "ValueAsConcept": null,
            "ObservationType": null,
            "CorrelatedCriteria": null,
            "ObservationTypeExclude": false,
            "ValueAsString": null,
            "CodesetId": 3,
            "ProviderSpecialty": null,
            "Gender": null,
            "Unit": null,
            "ObservationSourceConcept": null,
            "VisitType": null,
            "ValueAsNumber": null,
            "Qualifier": null,
            "First": null,
            "OccurrenceStartDate": null,
            "Age": null
          }},
          "Occurrence": {
            "Type": 2,
            "IsDistinct": false,
            "Count": 1
          }
        }
      ],
      "Type": "ANY",
      "DemographicCriteriaList": [],
      "Groups": [],
      "Count": null
    },
    "name": "has rheumatoid arthritis recorded any time on or prior to treatment",
    "description": null
  }],
  "PrimaryCriteria": {
    "CriteriaList": [{"DrugExposure": {
      "OccurrenceEndDate": null,
      "CorrelatedCriteria": null,
      "DrugSourceConcept": null,
      "CodesetId": 2,
      "DrugTypeExclude": false,
      "Quantity": null,
      "DrugType": null,
      "ProviderSpecialty": null,
      "EffectiveDrugDose": null,
      "Gender": null,
      "DaysSupply": null,
      "DoseUnit": null,
      "VisitType": null,
      "Refills": null,
      "First": true,
      "OccurrenceStartDate": null,
      "RouteConcept": null,
      "StopReason": null,
      "LotNumber": null,
      "Age": null
    }}],
    "PrimaryCriteriaLimit": {"Type": "First"},
    "ObservationWindow": {
      "PostDays": 0,
      "PriorDays": 365
    }
  }
}